Time (h), Inlet temperature (degC)
1,8.6683
2,11.735
3,12.151
4,12.367
5,12.563
6,12.727
7,12.881
8,13.035
9,13.189
10,13.315
11,13.414
12,13.513
13,13.612
14,13.711
15,13.809
16,13.908
17,14.007
18,14.106
19,14.141
20,14.175
21,14.209
22,14.243
23,14.278
24,14.312
25,14.346
26,14.38
27,14.415
28,14.449
29,14.483
30,14.517
31,14.552
32,14.586
33,14.62
34,14.654
35,14.689
36,14.626
37,14.562
38,14.498
39,14.433
40,14.369
41,14.305
42,14.241
43,14.176
44,14.112
45,14.048
46,13.983
47,13.919
48,13.855
49,13.79
50,13.726
51,13.662
52,13.597
53,13.533
54,13.469
55,13.404
56,13.34
57,13.276
58,13.212
59,13.147
60,13.083
61,13.019
62,12.954
63,12.89
64,12.826
65,12.761
66,12.697
67,12.633
68,12.568
69,12.504
70,12.506
71,12.513
72,12.519
73,12.525
74,12.532
75,12.538
76,12.544
77,12.551
78,12.557
79,12.563
80,12.57
81,12.576
82,12.582
83,12.589
84,12.595
85,12.601
86,12.608
87,12.614
88,12.62
89,12.627
90,12.633
91,12.639
92,12.646
93,12.652
94,12.658
95,12.665
96,12.671
97,12.677
98,12.684
99,12.69
100,12.696
101,12.703
102,12.709
103,12.715
104,12.722
105,12.728
106,12.734
107,12.741
108,12.747
109,12.753
110,12.76
111,12.766
112,12.772
113,12.779
114,12.785
115,12.791
116,12.798
117,12.804
118,12.81
119,12.817
120,12.823
121,12.829
122,12.836
123,12.842
124,12.848
125,12.855
126,12.861
127,12.867
128,12.874
129,12.88
130,12.886
131,12.893
132,12.899
133,12.905
134,12.912
135,12.918
136,12.924
137,12.931
138,12.97
139,13.015
140,13.06
141,13.105
142,13.15
143,13.195
144,13.24
145,13.285
146,13.33
147,13.374
148,13.419
149,13.464
150,13.509
151,13.554
152,13.599
153,13.644
154,13.689
155,13.734
156,13.779
157,13.824
158,13.869
159,13.913
160,13.958
161,14.003
162,14.048
163,14.093
164,14.138
165,14.183
166,14.228
167,14.273
168,14.318
169,14.363
170,14.408
171,14.452
172,14.497
173,14.542
174,14.587
175,14.632
176,14.677
177,14.722
178,14.767
179,14.812
180,14.857
181,14.902
182,14.947
183,14.991
184,15.036
185,15.081
186,15.126
187,15.171
188,15.216
189,15.261
190,15.306
191,15.351
192,15.396
193,15.441
194,15.486
195,15.53
196,15.575
197,15.62
198,15.665
199,15.71
200,15.755
201,15.8
202,15.845
203,15.89
204,15.935
205,15.98
206,15.981
207,15.971
208,15.961
209,15.95
210,15.94
211,15.93
212,15.92
213,15.909
214,15.899
215,15.889
216,15.879
217,15.868
218,15.858
219,15.848
220,15.838
221,15.827
222,15.817
223,15.807
224,15.797
225,15.787
226,15.776
227,15.766
228,15.756
229,15.746
230,15.735
231,15.725
232,15.715
233,15.705
234,15.694
235,15.684
236,15.674
237,15.664
238,15.653
239,15.643
240,15.633
241,15.623
242,15.612
243,15.602
244,15.592
245,15.582
246,15.571
247,15.561
248,15.551
249,15.541
250,15.53
251,15.52
252,15.51
253,15.5
254,15.489
255,15.479
256,15.469
257,15.459
258,15.448
259,15.438
260,15.428
261,15.418
262,15.407
263,15.397
264,15.387
265,15.377
266,15.366
267,15.356
268,15.346
269,15.336
270,15.325
271,15.315
272,15.305
273,15.295
274,15.285
275,15.274
276,15.264
277,15.254
278,15.244
279,15.233
280,15.223
281,15.213
282,15.203
283,15.192
284,15.182
285,15.172
286,15.162
287,15.151
288,15.141
289,15.131
290,15.121
291,15.11
292,15.1
293,15.09
294,15.08
295,15.069
296,15.059
297,15.049
298,15.039
299,15.028
300,15.018
301,15.008
302,14.998
303,14.987
304,14.977
305,14.967
306,14.957
307,14.946
308,14.936
309,14.926
310,14.916
311,14.905
312,14.895
313,14.885
314,14.875
315,14.864
316,14.854
317,14.844
318,14.834
319,14.824
320,14.813
321,14.803
322,14.793
323,14.783
324,14.772
325,14.762
326,14.752
327,14.742
328,14.731
329,14.721
330,14.711
331,14.701
332,14.69
333,14.68
334,14.67
335,14.66
336,14.649
337,14.639
338,14.629
339,14.619
340,14.608
341,14.598
342,14.642
343,14.717
344,14.792
345,14.867
346,14.942
347,15.017
348,15.092
349,15.167
350,15.242
351,15.317
352,15.392
353,15.467
354,15.542
355,15.617
356,15.692
357,15.767
358,15.842
359,15.917
360,15.992
361,16.067
362,16.142
363,16.217
364,16.292
365,16.367
366,16.442
367,16.517
368,16.592
369,16.667
370,16.742
371,16.817
372,16.892
373,16.967
374,17.042
375,17.117
376,17.192
377,17.267
378,17.342
379,17.417
380,17.492
381,17.567
382,17.642
383,17.717
384,17.792
385,17.867
386,17.942
387,18.017
388,18.092
389,18.167
390,18.242
391,18.317
392,18.392
393,18.467
394,18.542
395,18.617
396,18.692
397,18.767
398,18.842
399,18.917
400,18.992
401,19.067
402,19.142
403,19.217
404,19.292
405,19.368
406,19.443
407,19.518
408,19.593
409,19.668
410,19.743
411,19.818
412,19.893
413,19.968
414,20.043
415,20.118
416,20.193
417,20.268
418,20.343
419,20.418
420,20.493
421,20.568
422,20.643
423,20.718
424,20.793
425,20.868
426,20.943
427,21.018
428,21.093
429,21.168
430,21.243
431,21.318
432,21.393
433,21.468
434,21.543
435,21.618
436,21.693
437,21.768
438,21.843
439,21.918
440,21.993
441,22.068
442,22.143
443,22.218
444,22.293
445,22.368
446,22.443
447,22.518
448,22.593
449,22.668
450,22.743
451,22.818
452,22.893
453,22.968
454,23.043
455,23.118
456,23.193
457,23.268
458,23.343
459,23.418
460,23.493
461,23.568
462,23.643
463,23.718
464,23.793
465,23.868
466,23.943
467,24.018
468,24.093
469,24.168
470,24.243
471,24.318
472,24.393
473,24.468
474,24.543
475,24.618
476,24.693
477,24.768
478,24.779
479,24.722
480,24.666
481,24.609
482,24.552
483,24.495
484,24.438
485,24.381
486,24.324
487,24.267
488,24.21
489,24.153
490,24.096
491,24.039
492,23.982
493,23.925
494,23.868
495,23.811
496,23.754
497,23.697
498,23.64
499,23.583
500,23.526
501,23.469
502,23.412
503,23.355
504,23.298
505,23.241
506,23.184
507,23.127
508,23.07
509,23.013
510,22.956
511,22.899
512,22.842
513,22.785
514,22.728
515,22.671
516,22.614
517,22.557
518,22.5
519,22.443
520,22.386
521,22.33
522,22.273
523,22.216
524,22.159
525,22.102
526,22.045
527,21.988
528,21.931
529,21.874
530,21.817
531,21.76
532,21.703
533,21.646
534,21.589
535,21.532
536,21.475
537,21.418
538,21.361
539,21.304
540,21.247
541,21.19
542,21.133
543,21.076
544,21.019
545,20.962
546,20.905
547,20.848
548,20.791
549,20.734
550,20.677
551,20.62
552,20.563
553,20.506
554,20.449
555,20.392
556,20.335
557,20.278
558,20.221
559,20.164
560,20.107
561,20.05
562,19.994
563,19.937
564,19.88
565,19.823
566,19.766
567,19.709
568,19.652
569,19.595
570,19.538
571,19.481
572,19.424
573,19.367
574,19.31
575,19.253
576,19.196
577,19.139
578,19.082
579,19.025
580,18.968
581,18.911
582,18.854
583,18.797
584,18.74
585,18.683
586,18.626
587,18.569
588,18.512
589,18.455
590,18.398
591,18.341
592,18.284
593,18.227
594,18.17
595,18.113
596,18.056
597,17.999
598,17.942
599,17.885
600,17.828
601,17.771
602,17.714
603,17.658
604,17.601
605,17.544
606,17.487
607,17.43
608,17.373
609,17.316
610,17.259
611,17.202
612,17.145
613,17.088
614,17.073
615,17.146
616,17.219
617,17.291
618,17.364
619,17.437
620,17.509
621,17.582
622,17.655
623,17.727
624,17.8
625,17.873
626,17.945
627,18.018
628,18.091
629,18.163
630,18.236
631,18.309
632,18.381
633,18.454
634,18.527
635,18.599
636,18.672
637,18.745
638,18.817
639,18.89
640,18.963
641,19.035
642,19.108
643,19.181
644,19.253
645,19.326
646,19.399
647,19.471
648,19.544
649,19.617
650,19.689
651,19.762
652,19.835
653,19.907
654,19.98
655,20.052
656,20.125
657,20.198
658,20.27
659,20.343
660,20.416
661,20.488
662,20.561
663,20.634
664,20.706
665,20.779
666,20.852
667,20.924
668,20.997
669,21.07
670,21.142
671,21.215
672,21.288
673,21.36
674,21.433
675,21.506
676,21.578
677,21.651
678,21.724
679,21.796
680,21.869
681,21.942
682,22.014
683,22.087
684,22.16
685,22.232
686,22.301
687,22.357
688,22.413
689,22.469
690,22.525
691,22.581
692,22.637
693,22.693
694,22.749
695,22.805
696,22.861
697,22.917
698,22.973
699,23.029
700,23.085
701,23.141
702,23.197
703,23.253
704,23.309
705,23.365
706,23.421
707,23.477
708,23.533
709,23.589
710,23.645
711,23.701
712,23.757
713,23.814
714,23.87
715,23.926
716,23.982
717,24.038
718,24.094
719,24.15
720,24.206
721,24.262
722,24.318
723,24.374
724,24.43
725,24.486
726,24.542
727,24.598
728,24.654
729,24.71
730,24.766
731,24.822
732,24.878
733,24.934
734,24.99
735,25.046
736,25.102
737,25.158
738,25.214
739,25.27
740,25.326
741,25.383
742,25.439
743,25.495
744,25.551
745,25.607
746,25.663
747,25.719
748,25.775
749,25.831
750,25.887
751,25.943
752,25.999
753,26.055
754,26.111
755,26.167
756,26.223
757,26.279
758,26.335
759,26.389
760,26.444
761,26.498
762,26.552
763,26.607
764,26.661
765,26.716
766,26.77
767,26.824
768,26.879
769,26.933
770,26.988
771,27.042
772,27.096
773,27.151
774,27.205
775,27.26
776,27.314
777,27.368
778,27.423
779,27.477
780,27.532
781,27.586
782,27.641
783,27.695
784,27.749
785,27.804
786,27.858
787,27.913
788,27.967
789,28.021
790,28.076
791,28.13
792,28.185
793,28.239
794,28.293
795,28.348
796,28.402
797,28.457
798,28.511
799,28.565
800,28.62
801,28.674
802,28.729
803,28.783
804,28.837
805,28.892
806,28.946
807,29.001
808,29.055
809,29.109
810,29.164
811,29.218
812,29.273
813,29.327
814,29.381
815,29.436
816,29.49
817,29.545
818,29.599
819,29.653
820,29.708
821,29.762
822,29.817
823,29.871
824,29.925
825,29.98
826,30.034
827,30.089
828,30.143
829,30.197
830,30.252
831,30.306
832,30.361
833,30.415
834,30.47
835,30.524
836,30.578
837,30.633
838,30.687
839,30.742
840,30.796
841,30.85
842,30.905
843,30.959
844,31.014
845,31.068
846,31.122
847,31.177
848,31.231
849,31.286
850,31.34
851,31.394
852,31.449
853,31.503
854,31.558
855,31.612
856,31.666
857,31.721
858,31.775
859,31.83
860,31.884
861,31.938
862,31.993
863,32.047
864,32.102
865,32.156
866,32.21
867,32.265
868,32.319
869,32.374
870,32.428
871,32.482
872,32.537
873,32.591
874,32.646
875,32.7
876,32.754
877,32.809
878,32.863
879,32.918
880,32.972
881,33.026
882,33.081
883,33.135
884,33.19
885,33.244
886,33.299
887,33.353
888,33.407
889,33.462
890,33.516
891,33.571
892,33.625
893,33.679
894,33.734
895,33.788
896,33.843
897,33.897
898,33.951
899,34.006
900,34.06
901,34.115
902,34.157
903,34.027
904,33.897
905,33.768
906,33.638
907,33.508
908,33.378
909,33.248
910,33.118
911,32.988
912,32.859
913,32.729
914,32.599
915,32.469
916,32.339
917,32.209
918,32.079
919,31.95
920,31.82
921,31.69
922,31.56
923,31.43
924,31.3
925,31.17
926,31.041
927,30.911
928,30.781
929,30.651
930,30.521
931,30.391
932,30.261
933,30.132
934,30.002
935,29.872
936,29.742
937,29.612
938,29.482
939,29.352
940,29.223
941,29.093
942,28.963
943,28.833
944,28.703
945,28.573
946,28.443
947,28.314
948,28.184
949,28.054
950,27.924
951,27.794
952,27.664
953,27.534
954,27.405
955,27.275
956,27.145
957,27.015
958,26.885
959,26.755
960,26.625
961,26.496
962,26.366
963,26.236
964,26.106
965,25.976
966,25.846
967,25.716
968,25.587
969,25.457
970,25.327
971,25.197
972,25.067
973,24.937
974,24.807
975,24.678
976,24.548
977,24.418
978,24.288
979,24.158
980,24.028
981,23.898
982,23.769
983,23.639
984,23.509
985,23.379
986,23.249
987,23.119
988,22.989
989,22.86
990,22.73
991,22.6
992,22.47
993,22.34
994,22.21
995,22.08
996,21.951
997,21.821
998,21.691
999,21.561
1000,21.431
1001,21.301
1002,21.171
1003,21.042
1004,20.912
1005,20.782
1006,20.652
1007,20.522
1008,20.392
1009,20.262
1010,20.133
1011,20.003
1012,19.873
1013,19.743
1014,19.613
1015,19.483
1016,19.353
1017,19.224
1018,19.094
1019,18.964
1020,18.834
1021,18.704
1022,18.574
1023,18.444
1024,18.315
1025,18.185
1026,18.055
1027,17.925
1028,17.795
1029,17.665
1030,17.535
1031,17.406
1032,17.29
1033,17.284
1034,17.278
1035,17.271
1036,17.265
1037,17.259
1038,17.253
1039,17.247
1040,17.24
1041,17.234
1042,17.228
1043,17.222
1044,17.215
1045,17.209
1046,17.203
1047,17.197
1048,17.19
1049,17.184
1050,17.178
1051,17.172
1052,17.165
1053,17.159
1054,17.153
1055,17.147
1056,17.14
1057,17.134
1058,17.128
1059,17.122
1060,17.115
1061,17.109
1062,17.103
1063,17.097
1064,17.09
1065,17.084
1066,17.078
1067,17.072
1068,17.065
1069,17.059
1070,17.053
1071,17.047
1072,17.041
1073,17.034
1074,17.028
1075,17.022
1076,17.016
1077,17.009
1078,17.003
1079,16.997
1080,16.991
1081,16.984
1082,16.978
1083,16.972
1084,16.966
1085,16.959
1086,16.953
1087,16.947
1088,16.941
1089,16.934
1090,16.928
1091,16.922
1092,16.916
1093,16.909
1094,16.903
1095,16.897
1096,16.891
1097,16.884
1098,16.878
1099,16.872
1100,16.866
1101,16.859
1102,16.853
1103,16.847
1104,16.841
1105,16.835
1106,16.828
1107,16.822
1108,16.816
1109,16.81
1110,16.803
1111,16.797
1112,16.791
1113,16.785
1114,16.778
1115,16.772
1116,16.766
1117,16.76
1118,16.753
1119,16.747
1120,16.741
1121,16.735
1122,16.728
1123,16.722
1124,16.716
1125,16.703
1126,16.687
1127,16.67
1128,16.654
1129,16.638
1130,16.622
1131,16.605
1132,16.589
1133,16.573
1134,16.557
1135,16.54
1136,16.524
1137,16.508
1138,16.492
1139,16.475
1140,16.459
1141,16.443
1142,16.427
1143,16.411
1144,16.394
1145,16.378
1146,16.362
1147,16.346
1148,16.329
1149,16.313
1150,16.297
1151,16.281
1152,16.264
1153,16.248
1154,16.232
1155,16.216
1156,16.199
1157,16.183
1158,16.167
1159,16.151
1160,16.135
1161,16.118
1162,16.102
1163,16.086
1164,16.07
1165,16.053
1166,16.037
1167,16.021
1168,16.005
1169,15.988
1170,15.972
1171,15.956
1172,15.94
1173,15.923
1174,15.907
1175,15.891
1176,15.875
1177,15.858
1178,15.842
1179,15.826
1180,15.81
1181,15.794
1182,15.777
1183,15.761
1184,15.745
1185,15.729
1186,15.712
1187,15.696
1188,15.68
1189,15.664
1190,15.647
1191,15.631
1192,15.615
1193,15.599
1194,15.582
1195,15.566
1196,15.55
1197,15.534
1198,15.518
1199,15.501
1200,15.485
1201,15.469
1202,15.453
1203,15.436
1204,15.42
1205,15.404
1206,15.388
1207,15.371
1208,15.355
1209,15.339
1210,15.323
1211,15.306
1212,15.29
1213,15.274
1214,15.258
1215,15.242
1216,15.225
1217,15.211
1218,15.204
1219,15.197
1220,15.189
1221,15.182
1222,15.175
1223,15.167
1224,15.16
1225,15.153
1226,15.145
1227,15.138
1228,15.131
1229,15.123
1230,15.116
1231,15.109
1232,15.101
1233,15.094
1234,15.086
1235,15.079
1236,15.072
1237,15.064
1238,15.057
1239,15.05
1240,15.042
1241,15.035
1242,15.028
1243,15.02
1244,15.013
1245,15.006
1246,14.998
1247,14.991
1248,14.984
1249,14.976
1250,14.969
1251,14.961
1252,14.954
1253,14.947
1254,14.939
1255,14.932
1256,14.925
1257,14.917
1258,14.91
1259,14.903
1260,14.895
1261,14.888
1262,14.881
1263,14.873
1264,14.866
1265,14.859
1266,14.851
1267,14.844
1268,14.836
1269,14.829
1270,14.822
1271,14.814
1272,14.807
1273,14.8
1274,14.792
1275,14.785
1276,14.778
1277,14.77
1278,14.763
1279,14.756
1280,14.748
1281,14.741
1282,14.734
1283,14.726
1284,14.719
1285,14.711
1286,14.704
1287,14.697
1288,14.689
1289,14.682
1290,14.675
1291,14.667
1292,14.66
1293,14.653
1294,14.645
1295,14.638
1296,14.631
1297,14.623
1298,14.616
1299,14.609
1300,14.601
1301,14.594
1302,14.587
1303,14.579
1304,14.572
1305,14.564
1306,14.557
1307,14.55
1308,14.542
1309,14.535
1310,14.528
1311,14.52
1312,14.513
1313,14.506
1314,14.498
1315,14.491
1316,14.484
1317,14.476
1318,14.469
1319,14.462
1320,14.454
1321,14.447
1322,14.439
1323,14.432
1324,14.425
1325,14.417
1326,14.41
1327,14.403
1328,14.395
1329,14.388
1330,14.381
1331,14.373
1332,14.366
1333,14.359
1334,14.351
1335,14.344
1336,14.337
1337,14.329
1338,14.322
1339,14.314
1340,14.307
1341,14.3
1342,14.292
1343,14.285
1344,14.278
1345,14.27
1346,14.263
1347,14.256
1348,14.248
1349,14.241
1350,14.234
1351,14.226
1352,14.219
1353,14.212
1354,14.204
1355,14.197
1356,14.189
1357,14.182
1358,14.175
1359,14.167
1360,14.16
1361,14.153
1362,14.145
1363,14.138
1364,14.131
1365,14.123
1366,14.116
1367,14.109
1368,14.101
1369,14.094
1370,14.087
1371,14.079
1372,14.072
1373,14.065
1374,14.057
1375,14.05
1376,14.042
1377,14.035
1378,14.028
1379,14.02
1380,14.013
1381,14.006
1382,13.998
1383,13.991
1384,13.984
1385,13.976
1386,13.969
1387,13.962
1388,13.954
1389,13.947
1390,13.94
1391,13.932
1392,13.925
1393,13.917
1394,13.91
1395,13.903
1396,13.895
1397,13.888
1398,13.881
1399,13.873
1400,13.866
1401,13.859
1402,13.849
1403,13.835
1404,13.822
1405,13.808
1406,13.795
1407,13.782
1408,13.768
1409,13.755
1410,13.741
1411,13.728
1412,13.715
1413,13.701
1414,13.688
1415,13.674
1416,13.661
1417,13.647
1418,13.634
1419,13.621
1420,13.607
1421,13.594
1422,13.58
1423,13.567
1424,13.554
1425,13.54
1426,13.527
1427,13.513
1428,13.5
1429,13.487
1430,13.473
1431,13.46
1432,13.446
1433,13.433
1434,13.419
1435,13.406
1436,13.393
1437,13.379
1438,13.366
1439,13.352
1440,13.339
1441,13.326
1442,13.312
1443,13.299
1444,13.285
1445,13.272
1446,13.258
1447,13.245
1448,13.232
1449,13.218
1450,13.205
1451,13.191
1452,13.178
1453,13.165
1454,13.151
1455,13.138
1456,13.124
1457,13.111
1458,13.097
1459,13.084
1460,13.071
1461,13.057
1462,13.044
1463,13.03
1464,13.017
1465,13.004
1466,12.99
1467,12.977
1468,12.963
1469,12.95
1470,12.936
1471,12.923
1472,12.91
1473,12.896
1474,12.883
1475,12.869
1476,12.856
1477,12.843
1478,12.829
1479,12.816
1480,12.802
1481,12.789
1482,12.775
1483,12.762
1484,12.749
1485,12.735
1486,12.722
1487,12.708
1488,12.695
1489,12.682
1490,12.668
1491,12.655
1492,12.641
1493,12.628
1494,12.614
1495,12.601
1496,12.588
1497,12.574
1498,12.561
1499,12.547
1500,12.534
1501,12.521
1502,12.507
1503,12.494
1504,12.48
1505,12.467
1506,12.453
1507,12.44
1508,12.427
1509,12.413
1510,12.4
1511,12.386
1512,12.373
1513,12.36
1514,12.346
1515,12.333
1516,12.319
1517,12.306
1518,12.292
1519,12.279
1520,12.266
1521,12.252
1522,12.239
1523,12.225
1524,12.212
1525,12.199
1526,12.185
1527,12.172
1528,12.158
1529,12.145
1530,12.131
1531,12.118
1532,12.105
1533,12.091
1534,12.078
1535,12.064
1536,12.051
1537,12.038
1538,12.024
1539,12.011
1540,11.997
1541,11.984
1542,11.97
1543,11.957
1544,11.944
1545,11.93
1546,11.917
1547,11.903
1548,11.89
1549,11.877
1550,11.863
1551,11.85
1552,11.836
1553,11.823
1554,11.809
1555,11.796
1556,11.783
1557,11.769
1558,11.756
1559,11.742
1560,11.729
1561,11.716
1562,11.702
1563,11.689
1564,11.675
1565,11.662
1566,11.648
1567,11.635
1568,11.622
1569,11.608
1570,11.595
1571,11.581
1572,11.568
1573,11.555
1574,11.541
1575,11.528
1576,11.514
1577,11.501
1578,11.487
1579,11.474
1580,11.461
1581,11.447
1582,11.434
1583,11.42
1584,11.407
1585,11.394
1586,11.38
1587,11.367
1588,11.353
1589,11.34
1590,11.326
1591,11.313
1592,11.3
1593,11.286
1594,11.273
1595,11.259
1596,11.246
1597,11.233
1598,11.219
1599,11.206
1600,11.192
1601,11.179
1602,11.165
1603,11.152
1604,11.139
1605,11.125
1606,11.112
1607,11.098
1608,11.085
1609,11.072
1610,11.058
1611,11.045
1612,11.031
1613,11.018
1614,11.004
1615,10.991
1616,10.978
1617,10.964
1618,10.951
1619,10.937
1620,10.924
1621,10.911
1622,10.897
1623,10.884
1624,10.87
1625,10.857
1626,10.843
1627,10.83
1628,10.817
1629,10.803
1630,10.79
1631,10.776
1632,10.763
1633,10.75
1634,10.736
1635,10.723
1636,10.709
1637,10.696
1638,10.682
1639,10.669
1640,10.656
1641,10.642
1642,10.629
1643,10.615
1644,10.602
1645,10.589
1646,10.575
1647,10.562
1648,10.548
1649,10.535
1650,10.521
1651,10.508
1652,10.495
1653,10.481
1654,10.468
1655,10.454
1656,10.441
1657,10.428
1658,10.414
1659,10.401
1660,10.387
1661,10.374
1662,10.36
1663,10.347
1664,10.334
1665,10.32
1666,10.307
1667,10.293
1668,10.28
1669,10.267
1670,10.253
1671,10.24
1672,10.226
1673,10.213
1674,10.199
1675,10.186
1676,10.173
1677,10.159
1678,10.146
1679,10.132
1680,10.119
1681,10.106
1682,10.092
1683,10.079
1684,10.065
1685,10.052
1686,10.038
1687,10.025
1688,10.012
1689,9.9982
1690,9.9848
1691,9.9714
1692,9.958
1693,9.9446
1694,9.9312
1695,9.9177
1696,9.9043
1697,9.8909
1698,9.8775
1699,9.8641
1700,9.8507
1701,9.8372
1702,9.8238
1703,9.8104
1704,9.797
1705,9.7836
1706,9.7702
1707,9.7567
1708,9.7433
1709,9.7299
1710,9.7165
1711,9.7031
1712,9.6897
1713,9.6762
1714,9.6628
1715,9.6494
1716,9.636
1717,9.6226
1718,9.6092
1719,9.5957
1720,9.5823
1721,9.5689
1722,9.5555
1723,9.5421
1724,9.5287
1725,9.5152
1726,9.5018
1727,9.4884
1728,9.475
1729,9.4616
1730,9.4482
1731,9.4347
1732,9.4213
1733,9.4079
1734,9.3945
1735,9.3811
1736,9.3677
1737,9.3542
1738,9.3408
1739,9.3274
1740,9.314
1741,9.3006
1742,9.2872
1743,9.2737
1744,9.2603
1745,9.2469
1746,9.2335
1747,9.2201
1748,9.2067
1749,9.1932
1750,9.1798
1751,9.1664
1752,9.153
1753,9.1396
1754,9.1262
1755,9.1128
1756,9.0993
1757,9.0859
1758,9.0725
1759,9.0591
1760,9.0457
1761,9.0323
1762,9.0188
1763,9.0054
1764,8.992
1765,8.9786
1766,8.9652
1767,8.9518
1768,8.9383
1769,8.9249
1770,8.9115
1771,8.8981
1772,8.8909
1773,8.8861
1774,8.8813
1775,8.8765
1776,8.8717
1777,8.8669
1778,8.8621
1779,8.8573
1780,8.8525
1781,8.8477
1782,8.8429
1783,8.8381
1784,8.8333
1785,8.8285
1786,8.8237
1787,8.8189
1788,8.8141
1789,8.8093
1790,8.8045
1791,8.7997
1792,8.7949
1793,8.7901
1794,8.7853
1795,8.7805
1796,8.7757
1797,8.7709
1798,8.7661
1799,8.7613
1800,8.7565
1801,8.7517
1802,8.7469
1803,8.7421
1804,8.7373
1805,8.7325
1806,8.7277
1807,8.7229
1808,8.7181
1809,8.7133
1810,8.7085
1811,8.7037
1812,8.6989
1813,8.6941
1814,8.6893
1815,8.6845
1816,8.6797
1817,8.6749
1818,8.6701
1819,8.6653
1820,8.6605
1821,8.6557
1822,8.6509
1823,8.6461
1824,8.6413
1825,8.6365
1826,8.6317
1827,8.6269
1828,8.6221
1829,8.6173
1830,8.6125
1831,8.6077
1832,8.6029
1833,8.5981
1834,8.5933
1835,8.5885
1836,8.5837
1837,8.5789
1838,8.5741
1839,8.5693
1840,8.5645
1841,8.5597
1842,8.5549
1843,8.55
1844,8.5452
1845,8.5404
1846,8.5356
1847,8.5308
1848,8.526
1849,8.5212
1850,8.5164
1851,8.5116
1852,8.5068
1853,8.502
1854,8.4972
1855,8.4924
1856,8.4876
1857,8.4828
1858,8.478
1859,8.4732
1860,8.4684
1861,8.4636
1862,8.4588
1863,8.454
1864,8.4492
1865,8.4444
1866,8.4396
1867,8.4348
1868,8.43
1869,8.4252
1870,8.4204
1871,8.4156
1872,8.4108
1873,8.406
1874,8.4012
1875,8.3964
1876,8.3916
1877,8.3868
1878,8.382
1879,8.3772
1880,8.3724
1881,8.3676
1882,8.3628
1883,8.358
1884,8.3532
1885,8.3484
1886,8.3436
1887,8.3388
1888,8.334
1889,8.3292
1890,8.3244
1891,8.3196
1892,8.3148
1893,8.31
1894,8.3052
1895,8.3004
1896,8.2956
1897,8.2908
1898,8.286
1899,8.2812
1900,8.2764
1901,8.2716
1902,8.2668
1903,8.262
1904,8.2572
1905,8.2524
1906,8.2476
1907,8.2428
1908,8.238
1909,8.2332
1910,8.2284
1911,8.2236
1912,8.2188
1913,8.214
1914,8.2092
1915,8.2044
1916,8.1996
1917,8.1948
1918,8.19
1919,8.1852
1920,8.1804
1921,8.1756
1922,8.1708
1923,8.166
1924,8.1612
1925,8.1564
1926,8.1516
1927,8.1468
1928,8.142
1929,8.1372
1930,8.1324
1931,8.1276
1932,8.1228
1933,8.118
1934,8.1132
1935,8.1084
1936,8.1036
1937,8.0988
1938,8.094
1939,8.0892
1940,8.0844
1941,8.0796
1942,8.0748
1943,8.07
1944,8.0652
1945,8.0604
1946,8.0556
1947,8.0508
1948,8.046
1949,8.0412
1950,8.0364
1951,8.0316
1952,8.0268
1953,8.022
1954,8.0172
1955,8.0124
1956,8.0076
1957,8.0028
1958,7.998
1959,7.9932
1960,7.9884
1961,7.9836
1962,7.9788
1963,7.974
1964,7.9692
1965,7.9644
1966,7.9596
1967,7.9548
1968,7.95
1969,7.9452
1970,7.9404
1971,7.9356
1972,7.9308
1973,7.926
1974,7.9212
1975,7.9164
1976,7.9116
1977,7.9068
1978,7.902
1979,7.8972
1980,7.8924
1981,7.8876
1982,7.8828
1983,7.878
1984,7.8732
1985,7.8684
1986,7.8636
1987,7.8588
1988,7.854
1989,7.8492
1990,7.8444
1991,7.8396
1992,7.8348
1993,7.83
1994,7.8252
1995,7.8204
1996,7.8156
1997,7.8108
1998,7.806
1999,7.8011
2000,7.7963
2001,7.7915
2002,7.7867
2003,7.7819
2004,7.7771
2005,7.7723
2006,7.7675
2007,7.7627
2008,7.7579
2009,7.7531
2010,7.7483
2011,7.7435
2012,7.7387
2013,7.7339
2014,7.7291
2015,7.7243
2016,7.7195
2017,7.7147
2018,7.7099
2019,7.7051
2020,7.7003
2021,7.6955
2022,7.6907
2023,7.6859
2024,7.6811
2025,7.6763
2026,7.6715
2027,7.6667
2028,7.6619
2029,7.6571
2030,7.6523
2031,7.6475
2032,7.6427
2033,7.6379
2034,7.6331
2035,7.6283
2036,7.6235
2037,7.6187
2038,7.6139
2039,7.6091
2040,7.6043
2041,7.5995
2042,7.5947
2043,7.5899
2044,7.5851
2045,7.5803
2046,7.5755
2047,7.5707
2048,7.5659
2049,7.5611
2050,7.5563
2051,7.5515
2052,7.5467
2053,7.5419
2054,7.5371
2055,7.5323
2056,7.5275
2057,7.5227
2058,7.5179
2059,7.5131
2060,7.5083
2061,7.5035
2062,7.4987
2063,7.4939
2064,7.4891
2065,7.4843
2066,7.4795
2067,7.4747
2068,7.4699
2069,7.4651
2070,7.4603
2071,7.4555
2072,7.4507
2073,7.4459
2074,7.4411
2075,7.4363
2076,7.4315
2077,7.4267
2078,7.4219
2079,7.4171
2080,7.4123
2081,7.4075
2082,7.4027
2083,7.3979
2084,7.3931
2085,7.3883
2086,7.3835
2087,7.3787
2088,7.3739
2089,7.3691
2090,7.3643
2091,7.3595
2092,7.3547
2093,7.3499
2094,7.3451
2095,7.3403
2096,7.3355
2097,7.3307
2098,7.3259
2099,7.3211
2100,7.3163
2101,7.3115
2102,7.3067
2103,7.3019
2104,7.2971
2105,7.2923
2106,7.2875
2107,7.2827
2108,7.2779
2109,7.2731
2110,7.2683
2111,7.2635
2112,7.2587
2113,7.2539
2114,7.2491
2115,7.2443
2116,7.2395
2117,7.2347
2118,7.2299
2119,7.2251
2120,7.2203
2121,7.2155
2122,7.2107
2123,7.2059
2124,7.2011
2125,7.1963
2126,7.1915
2127,7.1867
2128,7.1819
2129,7.1771
2130,7.1723
2131,7.1675
2132,7.1627
2133,7.1579
2134,7.1531
2135,7.1483
2136,7.1435
2137,7.1387
2138,7.1339
2139,7.1291
2140,7.1243
2141,7.1199
2142,7.1341
2143,7.1483
2144,7.1625
2145,7.1767
2146,7.1909
2147,7.2051
2148,7.2193
2149,7.2335
2150,7.2478
2151,7.262
2152,7.2762
2153,7.2904
2154,7.3046
2155,7.3188
2156,7.333
2157,7.3472
2158,7.3614
2159,7.3756
2160,7.3898
2161,7.404
2162,7.4182
2163,7.4324
2164,7.4466
2165,7.4608
2166,7.475
2167,7.4892
2168,7.5034
2169,7.5176
2170,7.5318
2171,7.546
2172,7.5602
2173,7.5744
2174,7.5886
2175,7.6028
2176,7.617
2177,7.6312
2178,7.6454
2179,7.6596
2180,7.6738
2181,7.688
2182,7.7022
2183,7.7164
2184,7.7306
2185,7.7448
2186,7.759
2187,7.7732
2188,7.7874
2189,7.8016
2190,7.8158
2191,7.83
2192,7.8442
2193,7.8584
2194,7.8726
2195,7.8868
2196,7.901
2197,7.9152
2198,7.9294
2199,7.9436
2200,7.9578
2201,7.972
2202,7.9862
2203,8.0004
2204,8.0146
2205,8.0288
2206,8.0431
2207,8.0573
2208,8.0715
2209,8.0857
2210,8.0999
2211,8.1141
2212,8.1283
2213,8.1425
2214,8.1567
2215,8.1709
2216,8.1851
2217,8.1993
2218,8.2135
2219,8.2277
2220,8.2419
2221,8.2561
2222,8.2703
2223,8.2845
2224,8.2987
2225,8.3129
2226,8.3271
2227,8.3413
2228,8.3555
2229,8.3697
2230,8.3839
2231,8.3981
2232,8.4123
2233,8.4265
2234,8.4407
2235,8.4549
2236,8.4691
2237,8.4833
2238,8.4975
2239,8.5117
2240,8.5259
2241,8.5401
2242,8.5543
2243,8.5685
2244,8.5827
2245,8.5969
2246,8.6111
2247,8.6253
2248,8.6395
2249,8.6537
2250,8.6679
2251,8.6821
2252,8.6963
2253,8.7105
2254,8.7247
2255,8.7389
2256,8.7531
2257,8.7673
2258,8.7815
2259,8.7957
2260,8.8099
2261,8.8242
2262,8.8384
2263,8.8526
2264,8.8668
2265,8.881
2266,8.8952
2267,8.9094
2268,8.9236
2269,8.9378
2270,8.952
2271,8.9662
2272,8.9804
2273,8.9946
2274,9.0088
2275,9.023
2276,9.0372
2277,9.0514
2278,9.0656
2279,9.0798
2280,9.094
2281,9.1082
2282,9.1224
2283,9.1366
2284,9.1508
2285,9.165
2286,9.1792
2287,9.1934
2288,9.2076
2289,9.2218
2290,9.236
2291,9.2502
2292,9.2644
2293,9.2786
2294,9.2928
2295,9.307
2296,9.3212
2297,9.3354
2298,9.3496
2299,9.3638
2300,9.378
2301,9.3922
2302,9.4064
2303,9.4206
2304,9.4348
2305,9.449
2306,9.4632
2307,9.4774
2308,9.4916
2309,9.5058
2310,9.52
2311,9.5342
2312,9.5484
2313,9.5626
2314,9.5768
2315,9.591
2316,9.6052
2317,9.6195
2318,9.6337
2319,9.6479
2320,9.6621
2321,9.6763
2322,9.6905
2323,9.7047
2324,9.7189
2325,9.7331
2326,9.7473
2327,9.7615
2328,9.7757
2329,9.7899
2330,9.8041
2331,9.8183
2332,9.8325
2333,9.8467
2334,9.8609
2335,9.8751
2336,9.8893
2337,9.9035
2338,9.9177
2339,9.9319
2340,9.9461
2341,9.9603
2342,9.9745
2343,9.9887
2344,10.003
2345,10.017
2346,10.031
2347,10.046
2348,10.06
2349,10.074
2350,10.088
2351,10.102
2352,10.117
2353,10.131
2354,10.145
2355,10.159
2356,10.173
2357,10.188
2358,10.202
2359,10.216
2360,10.23
2361,10.244
2362,10.259
2363,10.273
2364,10.287
2365,10.301
2366,10.315
2367,10.33
2368,10.344
2369,10.358
2370,10.372
2371,10.386
2372,10.401
2373,10.415
2374,10.429
2375,10.443
2376,10.457
2377,10.472
2378,10.486
2379,10.5
2380,10.514
2381,10.528
2382,10.543
2383,10.557
2384,10.571
2385,10.585
2386,10.599
2387,10.614
2388,10.628
2389,10.642
2390,10.656
2391,10.67
2392,10.685
2393,10.699
2394,10.713
2395,10.727
2396,10.741
2397,10.756
2398,10.77
2399,10.784
2400,10.798
2401,10.812
2402,10.827
2403,10.841
2404,10.855
2405,10.869
2406,10.883
2407,10.898
2408,10.912
2409,10.926
2410,10.94
2411,10.954
2412,10.969
2413,10.983
2414,10.997
2415,11.011
2416,11.025
2417,11.04
2418,11.054
2419,11.068
2420,11.082
2421,11.096
2422,11.111
2423,11.125
2424,11.139
2425,11.153
2426,11.167
2427,11.182
2428,11.196
2429,11.21
2430,11.224
2431,11.238
2432,11.253
2433,11.267
2434,11.281
2435,11.295
2436,11.309
2437,11.324
2438,11.338
2439,11.352
2440,11.366
2441,11.38
2442,11.395
2443,11.409
2444,11.423
2445,11.437
2446,11.451
2447,11.466
2448,11.48
2449,11.494
2450,11.508
2451,11.522
2452,11.537
2453,11.551
2454,11.565
2455,11.579
2456,11.594
2457,11.608
2458,11.622
2459,11.636
2460,11.65
2461,11.665
2462,11.679
2463,11.693
2464,11.707
2465,11.721
2466,11.736
2467,11.75
2468,11.764
2469,11.778
2470,11.792
2471,11.807
2472,11.821
2473,11.835
2474,11.849
2475,11.863
2476,11.878
2477,11.892
2478,11.906
2479,11.92
2480,11.934
2481,11.949
2482,11.963
2483,11.977
2484,11.991
2485,12.005
2486,12.02
2487,12.034
2488,12.048
2489,12.062
2490,12.076
2491,12.091
2492,12.105
2493,12.119
2494,12.133
2495,12.147
2496,12.162
2497,12.176
2498,12.19
2499,12.204
2500,12.218
2501,12.233
2502,12.247
2503,12.261
2504,12.275
2505,12.289
2506,12.304
2507,12.318
2508,12.332
2509,12.346
2510,12.36
2511,12.37
2512,12.371
2513,12.372
2514,12.373
2515,12.374
2516,12.375
2517,12.376
2518,12.377
2519,12.378
2520,12.379
2521,12.38
2522,12.381
2523,12.382
2524,12.383
2525,12.384
2526,12.385
2527,12.386
2528,12.387
2529,12.388
2530,12.389
2531,12.39
2532,12.391
2533,12.392
2534,12.393
2535,12.394
2536,12.395
2537,12.396
2538,12.397
2539,12.398
2540,12.4
2541,12.401
2542,12.402
2543,12.403
2544,12.404
2545,12.405
2546,12.406
2547,12.407
2548,12.408
2549,12.409
2550,12.41
2551,12.411
2552,12.412
2553,12.413
2554,12.414
2555,12.415
2556,12.416
2557,12.417
2558,12.418
2559,12.419
2560,12.42
2561,12.421
2562,12.422
2563,12.423
2564,12.424
2565,12.425
2566,12.426
2567,12.427
2568,12.428
2569,12.429
2570,12.43
2571,12.431
2572,12.432
2573,12.433
2574,12.434
2575,12.435
2576,12.436
2577,12.437
2578,12.438
2579,12.439
2580,12.44
2581,12.441
2582,12.442
2583,12.443
2584,12.444
2585,12.445
2586,12.446
2587,12.447
2588,12.448
2589,12.449
2590,12.45
2591,12.451
2592,12.452
2593,12.453
2594,12.454
2595,12.455
2596,12.456
2597,12.457
2598,12.458
2599,12.459
2600,12.46
2601,12.461
2602,12.462
2603,12.463
2604,12.464
2605,12.465
2606,12.466
2607,12.467
2608,12.468
2609,12.469
2610,12.47
2611,12.471
2612,12.472
2613,12.473
2614,12.474
2615,12.475
2616,12.476
2617,12.477
2618,12.478
2619,12.479
2620,12.48
2621,12.481
2622,12.482
2623,12.483
2624,12.484
2625,12.485
2626,12.486
2627,12.487
2628,12.488
2629,12.489
2630,12.49
2631,12.491
2632,12.492
2633,12.493
2634,12.494
2635,12.495
2636,12.496
2637,12.497
2638,12.498
2639,12.499
2640,12.5
2641,12.501
2642,12.502
2643,12.503
2644,12.504
2645,12.505
2646,12.506
2647,12.507
2648,12.508
2649,12.509
2650,12.51
2651,12.511
2652,12.512
2653,12.513
2654,12.514
2655,12.515
2656,12.516
2657,12.517
2658,12.518
2659,12.519
2660,12.52
2661,12.521
2662,12.522
2663,12.523
2664,12.524
2665,12.526
2666,12.527
2667,12.528
2668,12.529
2669,12.53
2670,12.531
2671,12.532
2672,12.533
2673,12.534
2674,12.535
2675,12.536
2676,12.537
2677,12.538
2678,12.539
2679,12.54
2680,12.541
2681,12.542
2682,12.543
2683,12.544
2684,12.545
2685,12.546
2686,12.547
2687,12.548
2688,12.549
2689,12.55
2690,12.551
2691,12.552
2692,12.553
2693,12.554
2694,12.555
2695,12.556
2696,12.557
2697,12.558
2698,12.559
2699,12.56
2700,12.561
2701,12.562
2702,12.563
2703,12.564
2704,12.565
2705,12.566
2706,12.567
2707,12.568
2708,12.569
2709,12.57
2710,12.571
2711,12.572
2712,12.573
2713,12.574
2714,12.575
2715,12.576
2716,12.577
2717,12.578
2718,12.579
2719,12.58
2720,12.581
2721,12.582
2722,12.583
2723,12.584
2724,12.585
2725,12.586
2726,12.587
2727,12.588
2728,12.589
2729,12.59
2730,12.591
2731,12.592
2732,12.593
2733,12.594
2734,12.595
2735,12.596
2736,12.597
2737,12.598
2738,12.599
2739,12.6
2740,12.601
2741,12.602
2742,12.603
2743,12.604
2744,12.605
2745,12.606
2746,12.607
2747,12.608
2748,12.609
2749,12.61
2750,12.611
2751,12.612
2752,12.613
2753,12.614
2754,12.615
2755,12.616
2756,12.617
2757,12.618
2758,12.619
2759,12.62
2760,12.621
2761,12.622
2762,12.623
2763,12.624
2764,12.625
2765,12.626
2766,12.627
2767,12.628
2768,12.629
2769,12.63
2770,12.631
2771,12.632
2772,12.633
2773,12.634
2774,12.635
2775,12.636
2776,12.637
2777,12.638
2778,12.639
2779,12.64
2780,12.641
2781,12.642
2782,12.643
2783,12.644
2784,12.645
2785,12.646
2786,12.647
2787,12.648
2788,12.649
2789,12.65
2790,12.652
2791,12.653
2792,12.654
2793,12.655
2794,12.656
2795,12.657
2796,12.658
2797,12.659
2798,12.66
2799,12.661
2800,12.662
2801,12.663
2802,12.664
2803,12.665
2804,12.666
2805,12.667
2806,12.668
2807,12.669
2808,12.67
2809,12.671
2810,12.672
2811,12.673
2812,12.674
2813,12.675
2814,12.676
2815,12.677
2816,12.678
2817,12.679
2818,12.68
2819,12.681
2820,12.682
2821,12.683
2822,12.684
2823,12.685
2824,12.686
2825,12.687
2826,12.688
2827,12.689
2828,12.69
2829,12.691
2830,12.692
2831,12.693
2832,12.694
2833,12.695
2834,12.696
2835,12.697
2836,12.698
2837,12.699
2838,12.7
2839,12.701
2840,12.702
2841,12.703
2842,12.704
2843,12.705
2844,12.706
2845,12.707
2846,12.708
2847,12.709
2848,12.71
2849,12.711
2850,12.712
2851,12.713
2852,12.714
2853,12.715
2854,12.716
2855,12.717
2856,12.718
2857,12.719
2858,12.72
2859,12.721
2860,12.722
2861,12.723
2862,12.724
2863,12.725
2864,12.726
2865,12.727
2866,12.728
2867,12.729
2868,12.73
2869,12.731
2870,12.732
2871,12.733
2872,12.734
2873,12.735
2874,12.736
2875,12.737
2876,12.738
2877,12.739
2878,12.74
2879,12.741
2880,12.742
2881,12.745
2882,12.75
2883,12.754
2884,12.758
2885,12.762
2886,12.767
2887,12.771
2888,12.775
2889,12.779
2890,12.784
2891,12.788
2892,12.792
2893,12.796
2894,12.801
2895,12.805
2896,12.809
2897,12.814
2898,12.818
2899,12.822
2900,12.826
2901,12.831
2902,12.835
2903,12.839
2904,12.843
2905,12.848
2906,12.852
2907,12.856
2908,12.861
2909,12.865
2910,12.869
2911,12.873
2912,12.878
2913,12.882
2914,12.886
2915,12.89
2916,12.895
2917,12.899
2918,12.903
2919,12.907
2920,12.912
2921,12.916
2922,12.92
2923,12.925
2924,12.929
2925,12.933
2926,12.937
2927,12.942
2928,12.946
2929,12.95
2930,12.954
2931,12.959
2932,12.963
2933,12.967
2934,12.971
2935,12.976
2936,12.98
2937,12.984
2938,12.989
2939,12.993
2940,12.997
2941,13.001
2942,13.006
2943,13.01
2944,13.014
2945,13.018
2946,13.023
2947,13.027
2948,13.031
2949,13.035
2950,13.04
2951,13.044
2952,13.048
2953,13.053
2954,13.057
2955,13.061
2956,13.065
2957,13.07
2958,13.074
2959,13.078
2960,13.082
2961,13.087
2962,13.091
2963,13.095
2964,13.099
2965,13.104
2966,13.108
2967,13.112
2968,13.117
2969,13.121
2970,13.125
2971,13.129
2972,13.134
2973,13.138
2974,13.142
2975,13.146
2976,13.151
2977,13.155
2978,13.159
2979,13.163
2980,13.168
2981,13.172
2982,13.176
2983,13.181
2984,13.185
2985,13.189
2986,13.193
2987,13.198
2988,13.202
2989,13.206
2990,13.21
2991,13.215
2992,13.219
2993,13.223
2994,13.228
2995,13.232
2996,13.236
2997,13.24
2998,13.245
2999,13.249
3000,13.253
3001,13.257
3002,13.262
3003,13.266
3004,13.27
3005,13.274
3006,13.279
3007,13.283
3008,13.287
3009,13.292
3010,13.296
3011,13.3
3012,13.304
3013,13.309
3014,13.313
3015,13.317
3016,13.321
3017,13.326
3018,13.33
3019,13.334
3020,13.338
3021,13.343
3022,13.347
3023,13.351
3024,13.356
3025,13.36
3026,13.364
3027,13.368
3028,13.373
3029,13.377
3030,13.381
3031,13.385
3032,13.39
3033,13.394
3034,13.398
3035,13.402
3036,13.407
3037,13.411
3038,13.415
3039,13.42
3040,13.424
3041,13.428
3042,13.432
3043,13.437
3044,13.441
3045,13.445
3046,13.449
3047,13.454
3048,13.458
3049,13.462
3050,13.466
3051,13.471
3052,13.475
3053,13.479
3054,13.484
3055,13.488
3056,13.492
3057,13.496
3058,13.501
3059,13.505
3060,13.509
3061,13.513
3062,13.518
3063,13.522
3064,13.526
3065,13.53
3066,13.535
3067,13.539
3068,13.543
3069,13.548
3070,13.552
3071,13.556
3072,13.56
3073,13.565
3074,13.569
3075,13.573
3076,13.577
3077,13.582
3078,13.586
3079,13.59
3080,13.594
3081,13.599
3082,13.603
3083,13.607
3084,13.612
3085,13.616
3086,13.62
3087,13.624
3088,13.629
3089,13.633
3090,13.637
3091,13.641
3092,13.646
3093,13.65
3094,13.654
3095,13.659
3096,13.663
3097,13.667
3098,13.671
3099,13.676
3100,13.68
3101,13.684
3102,13.688
3103,13.693
3104,13.697
3105,13.701
3106,13.705
3107,13.71
3108,13.714
3109,13.718
3110,13.723
3111,13.727
3112,13.731
3113,13.735
3114,13.74
3115,13.744
3116,13.748
3117,13.752
3118,13.757
3119,13.761
3120,13.765
3121,13.769
3122,13.774
3123,13.778
3124,13.782
3125,13.787
3126,13.791
3127,13.795
3128,13.799
3129,13.804
3130,13.808
3131,13.812
3132,13.816
3133,13.821
3134,13.825
3135,13.829
3136,13.833
3137,13.838
3138,13.842
3139,13.846
3140,13.851
3141,13.855
3142,13.859
3143,13.863
3144,13.868
3145,13.872
3146,13.876
3147,13.88
3148,13.885
3149,13.889
3150,13.893
3151,13.897
3152,13.902
3153,13.906
3154,13.91
3155,13.915
3156,13.919
3157,13.923
3158,13.927
3159,13.932
3160,13.936
3161,13.94
3162,13.944
3163,13.949
3164,13.953
3165,13.957
3166,13.961
3167,13.966
3168,13.97
3169,13.974
3170,13.979
3171,13.983
3172,13.987
3173,13.991
3174,13.996
3175,14
3176,14.004
3177,14.008
3178,14.013
3179,14.017
3180,14.021
3181,14.026
3182,14.03
3183,14.034
3184,14.038
3185,14.043
3186,14.047
3187,14.051
3188,14.055
3189,14.06
3190,14.064
3191,14.068
3192,14.072
3193,14.077
3194,14.081
3195,14.085
3196,14.09
3197,14.094
3198,14.098
3199,14.102
3200,14.107
3201,14.111
3202,14.115
3203,14.119
3204,14.124
3205,14.128
3206,14.132
3207,14.136
3208,14.141
3209,14.145
3210,14.149
3211,14.154
3212,14.158
3213,14.162
3214,14.166
3215,14.171
3216,14.175
3217,14.179
3218,14.183
3219,14.188
3220,14.192
3221,14.196
3222,14.2
3223,14.205
3224,14.209
3225,14.213
3226,14.218
3227,14.222
3228,14.226
3229,14.23
3230,14.235
3231,14.239
3232,14.243
3233,14.247
3234,14.252
3235,14.256
3236,14.26
3237,14.264
3238,14.269
3239,14.273
3240,14.277
3241,14.282
3242,14.286
3243,14.29
3244,14.294
3245,14.299
3246,14.303
3247,14.307
3248,14.311
3249,14.316
3250,14.32
3251,14.317
3252,14.314
3253,14.311
3254,14.308
3255,14.305
3256,14.302
3257,14.299
3258,14.296
3259,14.293
3260,14.29
3261,14.287
3262,14.284
3263,14.28
3264,14.277
3265,14.274
3266,14.271
3267,14.268
3268,14.265
3269,14.262
3270,14.259
3271,14.256
3272,14.253
3273,14.25
3274,14.247
3275,14.244
3276,14.24
3277,14.237
3278,14.234
3279,14.231
3280,14.228
3281,14.225
3282,14.222
3283,14.219
3284,14.216
3285,14.213
3286,14.21
3287,14.207
3288,14.204
3289,14.2
3290,14.197
3291,14.194
3292,14.191
3293,14.188
3294,14.185
3295,14.182
3296,14.179
3297,14.176
3298,14.173
3299,14.17
3300,14.167
3301,14.164
3302,14.16
3303,14.157
3304,14.154
3305,14.151
3306,14.148
3307,14.145
3308,14.142
3309,14.139
3310,14.136
3311,14.133
3312,14.13
3313,14.127
3314,14.124
3315,14.12
3316,14.117
3317,14.114
3318,14.111
3319,14.108
3320,14.105
3321,14.102
3322,14.099
3323,14.096
3324,14.093
3325,14.09
3326,14.087
3327,14.083
3328,14.08
3329,14.077
3330,14.074
3331,14.071
3332,14.068
3333,14.065
3334,14.062
3335,14.059
3336,14.056
3337,14.053
3338,14.05
3339,14.047
3340,14.043
3341,14.04
3342,14.037
3343,14.034
3344,14.031
3345,14.028
3346,14.025
3347,14.022
3348,14.019
3349,14.016
3350,14.013
3351,14.01
3352,14.007
3353,14.003
3354,14
3355,13.997
3356,13.994
3357,13.991
3358,13.988
3359,13.985
3360,13.982
3361,13.979
3362,13.976
3363,13.973
3364,13.97
3365,13.967
3366,13.963
3367,13.96
3368,13.957
3369,13.954
3370,13.951
3371,13.948
3372,13.945
3373,13.942
3374,13.939
3375,13.936
3376,13.933
3377,13.93
3378,13.927
3379,13.923
3380,13.92
3381,13.917
3382,13.914
3383,13.911
3384,13.908
3385,13.905
3386,13.902
3387,13.899
3388,13.896
3389,13.893
3390,13.89
3391,13.887
3392,13.883
3393,13.88
3394,13.877
3395,13.874
3396,13.871
3397,13.868
3398,13.865
3399,13.862
3400,13.859
3401,13.856
3402,13.853
3403,13.85
3404,13.847
3405,13.843
3406,13.84
3407,13.837
3408,13.834
3409,13.831
3410,13.828
3411,13.825
3412,13.822
3413,13.819
3414,13.816
3415,13.813
3416,13.81
3417,13.807
3418,13.803
3419,13.8
3420,13.797
3421,13.794
3422,13.791
3423,13.788
3424,13.785
3425,13.782
3426,13.779
3427,13.776
3428,13.773
3429,13.77
3430,13.767
3431,13.763
3432,13.76
3433,13.757
3434,13.754
3435,13.751
3436,13.748
3437,13.745
3438,13.742
3439,13.739
3440,13.736
3441,13.733
3442,13.73
3443,13.727
3444,13.723
3445,13.72
3446,13.717
3447,13.714
3448,13.711
3449,13.708
3450,13.705
3451,13.702
3452,13.699
3453,13.696
3454,13.693
3455,13.69
3456,13.687
3457,13.683
3458,13.68
3459,13.677
3460,13.674
3461,13.671
3462,13.668
3463,13.665
3464,13.662
3465,13.659
3466,13.656
3467,13.653
3468,13.65
3469,13.647
3470,13.643
3471,13.64
3472,13.637
3473,13.634
3474,13.631
3475,13.628
3476,13.625
3477,13.622
3478,13.619
3479,13.616
3480,13.613
3481,13.61
3482,13.607
3483,13.603
3484,13.6
3485,13.597
3486,13.594
3487,13.591
3488,13.588
3489,13.585
3490,13.582
3491,13.579
3492,13.576
3493,13.573
3494,13.57
3495,13.567
3496,13.563
3497,13.56
3498,13.557
3499,13.554
3500,13.551
3501,13.548
3502,13.545
3503,13.542
3504,13.539
3505,13.536
3506,13.533
3507,13.53
3508,13.527
3509,13.523
3510,13.52
3511,13.517
3512,13.514
3513,13.511
3514,13.508
3515,13.505
3516,13.502
3517,13.499
3518,13.496
3519,13.493
3520,13.49
3521,13.487
3522,13.483
3523,13.48
3524,13.477
3525,13.474
3526,13.471
3527,13.468
3528,13.465
3529,13.462
3530,13.459
3531,13.456
3532,13.453
3533,13.45
3534,13.447
3535,13.443
3536,13.44
3537,13.437
3538,13.434
3539,13.431
3540,13.428
3541,13.425
3542,13.422
3543,13.419
3544,13.416
3545,13.413
3546,13.41
3547,13.407
3548,13.403
3549,13.4
3550,13.397
3551,13.394
3552,13.391
3553,13.388
3554,13.385
3555,13.382
3556,13.379
3557,13.376
3558,13.373
3559,13.37
3560,13.366
3561,13.363
3562,13.36
3563,13.357
3564,13.354
3565,13.351
3566,13.348
3567,13.345
3568,13.342
3569,13.339
3570,13.336
3571,13.333
3572,13.33
3573,13.326
3574,13.323
3575,13.32
3576,13.317
3577,13.314
3578,13.311
3579,13.308
3580,13.305
3581,13.302
3582,13.299
3583,13.296
3584,13.293
3585,13.29
3586,13.286
3587,13.283
3588,13.28
3589,13.277
3590,13.274
3591,13.271
3592,13.268
3593,13.265
3594,13.262
3595,13.259
3596,13.256
3597,13.253
3598,13.25
3599,13.246
3600,13.243
3601,13.24
3602,13.237
3603,13.234
3604,13.231
3605,13.228
3606,13.225
3607,13.222
3608,13.219
3609,13.216
3610,13.213
3611,13.21
3612,13.206
3613,13.203
3614,13.2
3615,13.197
3616,13.194
3617,13.191
3618,13.188
3619,13.185
3620,13.182
3621,13.179
3622,13.176
3623,13.173
3624,13.17
3625,13.166
3626,13.163
3627,13.16
3628,13.157
3629,13.154
3630,13.151
3631,13.148
3632,13.145
3633,13.142
3634,13.139
3635,13.136
3636,13.133
3637,13.13
3638,13.126
3639,13.123
3640,13.12
3641,13.117
3642,13.114
3643,13.111
3644,13.108
3645,13.105
3646,13.102
3647,13.099
3648,13.096
3649,13.093
3650,13.09
3651,13.086
3652,13.083
3653,13.08
3654,13.077
3655,13.074
3656,13.071
3657,13.068
3658,13.065
3659,13.062
3660,13.059
3661,13.056
3662,13.053
3663,13.05
3664,13.046
3665,13.049
3666,13.053
3667,13.056
3668,13.059
3669,13.063
3670,13.066
3671,13.07
3672,13.073
3673,13.076
3674,13.08
3675,13.083
3676,13.086
3677,13.09
3678,13.093
3679,13.096
3680,13.1
3681,13.103
3682,13.106
3683,13.11
3684,13.113
3685,13.117
3686,13.12
3687,13.123
3688,13.127
3689,13.13
3690,13.133
3691,13.137
3692,13.14
3693,13.143
3694,13.147
3695,13.15
3696,13.153
3697,13.157
3698,13.16
3699,13.164
3700,13.167
3701,13.17
3702,13.174
3703,13.177
3704,13.18
3705,13.184
3706,13.187
3707,13.19
3708,13.194
3709,13.197
3710,13.201
3711,13.204
3712,13.207
3713,13.211
3714,13.214
3715,13.217
3716,13.221
3717,13.224
3718,13.227
3719,13.231
3720,13.234
3721,13.237
3722,13.241
3723,13.244
3724,13.248
3725,13.251
3726,13.254
3727,13.258
3728,13.261
3729,13.264
3730,13.268
3731,13.271
3732,13.274
3733,13.278
3734,13.281
3735,13.284
3736,13.288
3737,13.291
3738,13.295
3739,13.298
3740,13.301
3741,13.305
3742,13.308
3743,13.311
3744,13.315
3745,13.318
3746,13.321
3747,13.325
3748,13.328
3749,13.331
3750,13.335
3751,13.338
3752,13.342
3753,13.345
3754,13.348
3755,13.352
3756,13.355
3757,13.358
3758,13.362
3759,13.365
3760,13.368
3761,13.372
3762,13.375
3763,13.378
3764,13.382
3765,13.385
3766,13.389
3767,13.392
3768,13.395
3769,13.399
3770,13.402
3771,13.405
3772,13.409
3773,13.412
3774,13.415
3775,13.419
3776,13.422
3777,13.426
3778,13.429
3779,13.432
3780,13.436
3781,13.439
3782,13.442
3783,13.446
3784,13.449
3785,13.452
3786,13.456
3787,13.459
3788,13.462
3789,13.466
3790,13.469
3791,13.473
3792,13.476
3793,13.479
3794,13.483
3795,13.486
3796,13.489
3797,13.493
3798,13.496
3799,13.499
3800,13.503
3801,13.506
3802,13.509
3803,13.513
3804,13.516
3805,13.52
3806,13.523
3807,13.526
3808,13.53
3809,13.533
3810,13.536
3811,13.54
3812,13.543
3813,13.546
3814,13.55
3815,13.553
3816,13.556
3817,13.56
3818,13.563
3819,13.567
3820,13.57
3821,13.573
3822,13.577
3823,13.58
3824,13.583
3825,13.587
3826,13.59
3827,13.593
3828,13.597
3829,13.6
3830,13.603
3831,13.607
3832,13.61
3833,13.614
3834,13.617
3835,13.62
3836,13.624
3837,13.627
3838,13.63
3839,13.634
3840,13.637
3841,13.64
3842,13.644
3843,13.647
3844,13.65
3845,13.654
3846,13.657
3847,13.661
3848,13.664
3849,13.667
3850,13.671
3851,13.674
3852,13.677
3853,13.681
3854,13.684
3855,13.687
3856,13.691
3857,13.694
3858,13.698
3859,13.701
3860,13.704
3861,13.708
3862,13.711
3863,13.714
3864,13.718
3865,13.721
3866,13.724
3867,13.728
3868,13.731
3869,13.734
3870,13.738
3871,13.741
3872,13.745
3873,13.748
3874,13.751
3875,13.755
3876,13.758
3877,13.761
3878,13.765
3879,13.768
3880,13.771
3881,13.775
3882,13.778
3883,13.781
3884,13.785
3885,13.788
3886,13.792
3887,13.795
3888,13.798
3889,13.802
3890,13.805
3891,13.808
3892,13.812
3893,13.815
3894,13.818
3895,13.822
3896,13.825
3897,13.828
3898,13.832
3899,13.835
3900,13.839
3901,13.842
3902,13.845
3903,13.849
3904,13.852
3905,13.855
3906,13.859
3907,13.862
3908,13.865
3909,13.869
3910,13.872
3911,13.875
3912,13.879
3913,13.882
3914,13.886
3915,13.889
3916,13.892
3917,13.896
3918,13.899
3919,13.902
3920,13.906
3921,13.909
3922,13.912
3923,13.916
3924,13.919
3925,13.922
3926,13.926
3927,13.929
3928,13.933
3929,13.936
3930,13.939
3931,13.943
3932,13.946
3933,13.949
3934,13.953
3935,13.956
3936,13.959
3937,13.963
3938,13.966
3939,13.97
3940,13.973
3941,13.976
3942,13.98
3943,13.983
3944,13.986
3945,13.99
3946,13.993
3947,13.996
3948,14
3949,14.003
3950,14.006
3951,14.01
3952,14.013
3953,14.017
3954,14.02
3955,14.023
3956,14.027
3957,14.03
3958,14.033
3959,14.037
3960,14.04
3961,14.043
3962,14.047
3963,14.05
3964,14.053
3965,14.057
3966,14.06
3967,14.064
3968,14.067
3969,14.07
3970,14.074
3971,14.077
3972,14.08
3973,14.084
3974,14.087
3975,14.09
3976,14.094
3977,14.097
3978,14.1
3979,14.104
3980,14.107
3981,14.111
3982,14.114
3983,14.117
3984,14.121
3985,14.124
3986,14.127
3987,14.131
3988,14.134
3989,14.137
3990,14.141
3991,14.144
3992,14.147
3993,14.151
3994,14.154
3995,14.158
3996,14.161
3997,14.164
3998,14.168
3999,14.171
4000,14.174
4001,14.178
4002,14.181
4003,14.184
4004,14.188
4005,14.191
4006,14.195
4007,14.198
4008,14.201
4009,14.205
4010,14.208
4011,14.211
4012,14.215
4013,14.218
4014,14.221
4015,14.225
4016,14.228
4017,14.231
4018,14.235
4019,14.238
4020,14.242
4021,14.245
4022,14.248
4023,14.252
4024,14.255
4025,14.258
4026,14.262
4027,14.265
4028,14.268
4029,14.272
4030,14.275
4031,14.278
4032,14.282
4033,14.285
4034,14.289
4035,14.292
4036,14.295
4037,14.299
4038,14.302
4039,14.305
4040,14.309
4041,14.312
4042,14.315
4043,14.319
4044,14.322
4045,14.325
4046,14.329
4047,14.332
4048,14.336
4049,14.339
4050,14.342
4051,14.346
4052,14.349
4053,14.352
4054,14.356
4055,14.359
4056,14.362
4057,14.366
4058,14.369
4059,14.372
4060,14.376
4061,14.379
4062,14.383
4063,14.386
4064,14.389
4065,14.393
4066,14.396
4067,14.399
4068,14.403
4069,14.406
4070,14.409
4071,14.413
4072,14.416
4073,14.419
4074,14.423
4075,14.426
4076,14.43
4077,14.433
4078,14.436
4079,14.438
4080,14.44
4081,14.442
4082,14.443
4083,14.445
4084,14.447
4085,14.448
4086,14.45
4087,14.452
4088,14.453
4089,14.455
4090,14.457
4091,14.459
4092,14.46
4093,14.462
4094,14.464
4095,14.465
4096,14.467
4097,14.469
4098,14.471
4099,14.472
4100,14.474
4101,14.476
4102,14.477
4103,14.479
4104,14.481
4105,14.483
4106,14.484
4107,14.486
4108,14.488
4109,14.489
4110,14.491
4111,14.493
4112,14.494
4113,14.496
4114,14.498
4115,14.5
4116,14.501
4117,14.503
4118,14.505
4119,14.506
4120,14.508
4121,14.51
4122,14.512
4123,14.513
4124,14.515
4125,14.517
4126,14.518
4127,14.52
4128,14.522
4129,14.524
4130,14.525
4131,14.527
4132,14.529
4133,14.53
4134,14.532
4135,14.534
4136,14.535
4137,14.537
4138,14.539
4139,14.541
4140,14.542
